{
    "CNN": {
        "accuracy": 96.98349459305634,
        "precision": 97.40095780028788,
        "recall": 96.54749009247028,
        "f1_score": 96.89901493498559,
        "confusion_matrix": [
            [
                1994,
                6
            ],
            [
                100,
                1414
            ]
        ]
    },
    "RandomForest": {
        "accuracy": 97.15424018212863,
        "precision": 97.56489795698837,
        "recall": 96.72959048877146,
        "f1_score": 97.07510634160894,
        "confusion_matrix": [
            [
                1996,
                4
            ],
            [
                96,
                1418
            ]
        ]
    },
    "timestamp": "2026-03-02T20:43:15.798155"
}