{
    "CNN": {
        "accuracy": 96.84120660216277,
        "precision": 97.18245904669695,
        "recall": 96.44656538969618,
        "f1_score": 96.75615527881351,
        "confusion_matrix": [
            [
                1986,
                14
            ],
            [
                97,
                1417
            ]
        ]
    },
    "RandomForest": {
        "accuracy": 97.15424018212863,
        "precision": 97.56489795698837,
        "recall": 96.72959048877146,
        "f1_score": 97.07510634160894,
        "confusion_matrix": [
            [
                1996,
                4
            ],
            [
                96,
                1418
            ]
        ]
    }
}