{
    "CNN": {
        "accuracy": 96.89812179852021,
        "precision": 97.37348319180894,
        "recall": 96.4243394980185,
        "f1_score": 96.80845576824129
    },
    "RandomForest": {
        "accuracy": 94.70688673875924,
        "precision": 94.59743384545496,
        "recall": 94.61169088507265,
        "f1_score": 94.60452998776616
    }
}